{"cameraMode":{"drawMode":0,"name":"Shaded","section":"Shading Mode"},"sceneLighting":true,"audioPlay":false,"sceneViewState":{"showFog":true,"showMaterialUpdate":false,"showSkybox":true,"showFlares":true,"showImageEffects":true,"showParticleSystems":true},"in2DMode":false,"pivot":{"x":-0.05918492376804352,"y":1.1613692045211793,"z":-0.5007281303405762},"rotation":{"x":-0.003013112349435687,"y":-0.9347413182258606,"z":0.008178952150046826,"w":-0.35533127188682558},"size":1.923309564590454,"orthographic":false}