{"cameraMode":{"drawMode":0,"name":"Shaded","section":"Shading Mode"},"sceneLighting":true,"audioPlay":false,"sceneViewState":{"showFog":true,"showMaterialUpdate":false,"showSkybox":true,"showFlares":true,"showImageEffects":true,"showParticleSystems":true},"in2DMode":false,"pivot":{"x":-0.05918492376804352,"y":1.1613692045211793,"z":-0.5007281303405762},"rotation":{"x":-0.05040213465690613,"y":-0.7677403688430786,"z":0.0610104463994503,"w":-0.6359360814094544},"size":2.2233095169067385,"orthographic":false}